{
  "proceed checkout-90" : {
    "transaction" : "proceed checkout-90",
    "sampleCount" : 108,
    "errorCount" : 0,
    "errorPct" : 0.0,
    "meanResTime" : 580.1851851851851,
    "medianResTime" : 500.5,
    "minResTime" : 199.0,
    "maxResTime" : 1679.0,
    "pct1ResTime" : 1033.4,
    "pct2ResTime" : 1427.0,
    "pct3ResTime" : 1670.2699999999998,
    "throughput" : 0.06244601022033034,
    "receivedKBytesPerSec" : 0.322962959108271,
    "sentKBytesPerSec" : 0.03908126903736006
  },
  "inf" : {
    "transaction" : "inf",
    "sampleCount" : 108,
    "errorCount" : 0,
    "errorPct" : 0.0,
    "meanResTime" : 617.3425925925925,
    "medianResTime" : 530.5,
    "minResTime" : 184.0,
    "maxResTime" : 2317.0,
    "pct1ResTime" : 1142.5,
    "pct2ResTime" : 1592.3499999999997,
    "pct3ResTime" : 2261.379999999998,
    "throughput" : 0.06242724047319849,
    "receivedKBytesPerSec" : 0.2688516899285208,
    "sentKBytesPerSec" : 0.07438297825913548
  },
  "BeanShell Sampler" : {
    "transaction" : "BeanShell Sampler",
    "sampleCount" : 108,
    "errorCount" : 0,
    "errorPct" : 0.0,
    "meanResTime" : 3.4537037037037046,
    "medianResTime" : 3.0,
    "minResTime" : 1.0,
    "maxResTime" : 30.0,
    "pct1ResTime" : 6.0,
    "pct2ResTime" : 7.549999999999997,
    "pct3ResTime" : 28.559999999999945,
    "throughput" : 0.062435071861033406,
    "receivedKBytesPerSec" : 0.0,
    "sentKBytesPerSec" : 0.0
  },
  "selectcats-83" : {
    "transaction" : "selectcats-83",
    "sampleCount" : 108,
    "errorCount" : 0,
    "errorPct" : 0.0,
    "meanResTime" : 469.8703703703702,
    "medianResTime" : 363.0,
    "minResTime" : 185.0,
    "maxResTime" : 2566.0,
    "pct1ResTime" : 890.5000000000001,
    "pct2ResTime" : 1031.8999999999999,
    "pct3ResTime" : 2509.299999999998,
    "throughput" : 0.062431246145015065,
    "receivedKBytesPerSec" : 0.2252090688032797,
    "sentKBytesPerSec" : 0.0382286382169983
  },
  "addcart-89" : {
    "transaction" : "addcart-89",
    "sampleCount" : 108,
    "errorCount" : 0,
    "errorPct" : 0.0,
    "meanResTime" : 524.5277777777776,
    "medianResTime" : 437.0,
    "minResTime" : 189.0,
    "maxResTime" : 1207.0,
    "pct1ResTime" : 998.1,
    "pct2ResTime" : 1052.35,
    "pct3ResTime" : 1205.92,
    "throughput" : 0.06241735479873871,
    "receivedKBytesPerSec" : 0.2784252444535245,
    "sentKBytesPerSec" : 0.04029427651639496
  },
  "selectproduct" : {
    "transaction" : "selectproduct",
    "sampleCount" : 108,
    "errorCount" : 0,
    "errorPct" : 0.0,
    "meanResTime" : 463.44444444444446,
    "medianResTime" : 322.0,
    "minResTime" : 184.0,
    "maxResTime" : 2031.0,
    "pct1ResTime" : 889.7000000000007,
    "pct2ResTime" : 1194.1499999999999,
    "pct3ResTime" : 1978.889999999998,
    "throughput" : 0.06242951389952663,
    "receivedKBytesPerSec" : 0.2375326942063677,
    "sentKBytesPerSec" : 0.040190354379979545
  },
  "enetrestore-78" : {
    "transaction" : "enetrestore-78",
    "sampleCount" : 108,
    "errorCount" : 0,
    "errorPct" : 0.0,
    "meanResTime" : 1181.9444444444446,
    "medianResTime" : 974.0,
    "minResTime" : 533.0,
    "maxResTime" : 6663.0,
    "pct1ResTime" : 2086.3,
    "pct2ResTime" : 2430.1999999999994,
    "pct3ResTime" : 6332.789999999988,
    "throughput" : 0.06239719628598022,
    "receivedKBytesPerSec" : 0.3013427096675789,
    "sentKBytesPerSec" : 0.03467752168447009
  },
  "launch" : {
    "transaction" : "launch",
    "sampleCount" : 118,
    "errorCount" : 0,
    "errorPct" : 0.0,
    "meanResTime" : 514.9152542372881,
    "medianResTime" : 421.0,
    "minResTime" : 0.0,
    "maxResTime" : 5899.0,
    "pct1ResTime" : 824.5000000000001,
    "pct2ResTime" : 1132.6999999999994,
    "pct3ResTime" : 5072.88000000001,
    "throughput" : 0.06552312161035842,
    "receivedKBytesPerSec" : 0.044960925765357256,
    "sentKBytesPerSec" : 0.021763857966695374
  },
  "enetrestore" : {
    "transaction" : "enetrestore",
    "sampleCount" : 114,
    "errorCount" : 0,
    "errorPct" : 0.0,
    "meanResTime" : 1119.7368421052631,
    "medianResTime" : 936.5,
    "minResTime" : 0.0,
    "maxResTime" : 6663.0,
    "pct1ResTime" : 2025.0,
    "pct2ResTime" : 2369.0,
    "pct3ResTime" : 6112.64999999998,
    "throughput" : 0.06363276082454661,
    "receivedKBytesPerSec" : 0.2911355796442147,
    "sentKBytesPerSec" : 0.033502918943584536
  },
  "selectcats" : {
    "transaction" : "selectcats",
    "sampleCount" : 108,
    "errorCount" : 0,
    "errorPct" : 0.0,
    "meanResTime" : 469.8703703703702,
    "medianResTime" : 363.0,
    "minResTime" : 185.0,
    "maxResTime" : 2566.0,
    "pct1ResTime" : 890.5000000000001,
    "pct2ResTime" : 1031.8999999999999,
    "pct3ResTime" : 2509.299999999998,
    "throughput" : 0.06243157095174618,
    "receivedKBytesPerSec" : 0.22521024048294289,
    "sentKBytesPerSec" : 0.03822883710649323
  },
  "login" : {
    "transaction" : "login",
    "sampleCount" : 216,
    "errorCount" : 0,
    "errorPct" : 0.0,
    "meanResTime" : 633.8518518518514,
    "medianResTime" : 534.5,
    "minResTime" : 181.0,
    "maxResTime" : 3518.0,
    "pct1ResTime" : 1124.2000000000003,
    "pct2ResTime" : 1343.5499999999997,
    "pct3ResTime" : 2572.5299999999907,
    "throughput" : 0.12443837103259077,
    "receivedKBytesPerSec" : 0.5529885390675994,
    "sentKBytesPerSec" : 0.1450970849735482
  },
  "login-80" : {
    "transaction" : "login-80",
    "sampleCount" : 108,
    "errorCount" : 0,
    "errorPct" : 0.0,
    "meanResTime" : 458.7592592592594,
    "medianResTime" : 306.5,
    "minResTime" : 181.0,
    "maxResTime" : 2673.0,
    "pct1ResTime" : 836.4000000000001,
    "pct2ResTime" : 1065.55,
    "pct3ResTime" : 2571.7499999999964,
    "throughput" : 0.06243312285277749,
    "receivedKBytesPerSec" : 0.2430291955058557,
    "sentKBytesPerSec" : 0.039752339941416914
  },
  "login-81" : {
    "transaction" : "login-81",
    "sampleCount" : 108,
    "errorCount" : 0,
    "errorPct" : 0.0,
    "meanResTime" : 808.9444444444443,
    "medianResTime" : 650.5,
    "minResTime" : 372.0,
    "maxResTime" : 3518.0,
    "pct1ResTime" : 1305.7,
    "pct2ResTime" : 1605.3999999999999,
    "pct3ResTime" : 3388.759999999995,
    "throughput" : 0.06242103450149291,
    "receivedKBytesPerSec" : 0.31180038229993773,
    "sentKBytesPerSec" : 0.10582316005331219
  },
  "inf-92" : {
    "transaction" : "inf-92",
    "sampleCount" : 108,
    "errorCount" : 0,
    "errorPct" : 0.0,
    "meanResTime" : 617.3425925925924,
    "medianResTime" : 530.5,
    "minResTime" : 184.0,
    "maxResTime" : 2317.0,
    "pct1ResTime" : 1142.5,
    "pct2ResTime" : 1592.3499999999997,
    "pct3ResTime" : 2261.379999999998,
    "throughput" : 0.06242651878517995,
    "receivedKBytesPerSec" : 0.2688485818775816,
    "sentKBytesPerSec" : 0.07438211835721147
  },
  "selectproduct-88" : {
    "transaction" : "selectproduct-88",
    "sampleCount" : 108,
    "errorCount" : 0,
    "errorPct" : 0.0,
    "meanResTime" : 463.44444444444446,
    "medianResTime" : 322.0,
    "minResTime" : 184.0,
    "maxResTime" : 2031.0,
    "pct1ResTime" : 889.7000000000007,
    "pct2ResTime" : 1194.1499999999999,
    "pct3ResTime" : 1978.889999999998,
    "throughput" : 0.062428972592524945,
    "receivedKBytesPerSec" : 0.23753063463385987,
    "sentKBytesPerSec" : 0.040190005901850095
  },
  "addcart" : {
    "transaction" : "addcart",
    "sampleCount" : 108,
    "errorCount" : 0,
    "errorPct" : 0.0,
    "meanResTime" : 524.5277777777776,
    "medianResTime" : 437.0,
    "minResTime" : 189.0,
    "maxResTime" : 1207.0,
    "pct1ResTime" : 998.1,
    "pct2ResTime" : 1052.35,
    "pct3ResTime" : 1205.92,
    "throughput" : 0.06241760731349417,
    "receivedKBytesPerSec" : 0.27842637084670063,
    "sentKBytesPerSec" : 0.04029443953034218
  },
  "conform-93" : {
    "transaction" : "conform-93",
    "sampleCount" : 108,
    "errorCount" : 1,
    "errorPct" : 0.9259259,
    "meanResTime" : 565.7777777777777,