{
  "BeanShell Sampler" : {
    "transaction" : "BeanShell Sampler",
    "sampleCount" : 132,
    "errorCount" : 0,
    "errorPct" : 0.0,
    "meanResTime" : 3.2424242424242427,
    "medianResTime" : 3.0,
    "minResTime" : 1.0,
    "maxResTime" : 17.0,
    "pct1ResTime" : 5.0,
    "pct2ResTime" : 6.0,
    "pct3ResTime" : 15.019999999999925,
    "throughput" : 1.1638056444573757,
    "receivedKBytesPerSec" : 0.0,
    "sentKBytesPerSec" : 0.0
  },
  "login-578" : {
    "transaction" : "login-578",
    "sampleCount" : 134,
    "errorCount" : 0,
    "errorPct" : 0.0,
    "meanResTime" : 196.79104477611943,
    "medianResTime" : 180.5,
    "minResTime" : 168.0,
    "maxResTime" : 563.0,
    "pct1ResTime" : 186.0,
    "pct2ResTime" : 295.75,
    "pct3ResTime" : 562.3,
    "throughput" : 1.1592698330305389,
    "receivedKBytesPerSec" : 5.543890988623583,
    "sentKBytesPerSec" : 0.7381288389999134
  },
  "login-577" : {
    "transaction" : "login-577",
    "sampleCount" : 135,
    "errorCount" : 0,
    "errorPct" : 0.0,
    "meanResTime" : 358.5185185185184,
    "medianResTime" : 356.0,
    "minResTime" : 336.0,
    "maxResTime" : 574.0,
    "pct1ResTime" : 365.4,
    "pct2ResTime" : 371.0,
    "pct3ResTime" : 509.9199999999976,
    "throughput" : 1.1600728697624858,
    "receivedKBytesPerSec" : 5.794448178578181,
    "sentKBytesPerSec" : 1.9666860370192143
  },
  "addcart-585" : {
    "transaction" : "addcart-585",
    "sampleCount" : 132,
    "errorCount" : 0,
    "errorPct" : 0.0,
    "meanResTime" : 181.56818181818184,
    "medianResTime" : 181.0,
    "minResTime" : 167.0,
    "maxResTime" : 231.0,
    "pct1ResTime" : 187.0,
    "pct2ResTime" : 189.0,
    "pct3ResTime" : 223.73999999999972,
    "throughput" : 1.1602151671764582,
    "receivedKBytesPerSec" : 5.176952040045002,
    "sentKBytesPerSec" : 0.7487562844988221
  },
  "select" : {
    "transaction" : "select",
    "sampleCount" : 134,
    "errorCount" : 0,
    "errorPct" : 0.0,
    "meanResTime" : 181.276119402985,
    "medianResTime" : 181.0,
    "minResTime" : 168.0,
    "maxResTime" : 234.0,
    "pct1ResTime" : 185.5,
    "pct2ResTime" : 191.0,
    "pct3ResTime" : 228.4000000000001,
    "throughput" : 1.1593099510321319,
    "receivedKBytesPerSec" : 4.236175472159258,
    "sentKBytesPerSec" : 0.7097157365511394
  },
  "launch-553" : {
    "transaction" : "launch-553",
    "sampleCount" : 135,
    "errorCount" : 0,
    "errorPct" : 0.0,
    "meanResTime" : 51.703703703703695,
    "medianResTime" : 35.0,
    "minResTime" : 29.0,
    "maxResTime" : 1355.0,
    "pct1ResTime" : 50.400000000000006,
    "pct2ResTime" : 143.99999999999994,
    "pct3ResTime" : 929.1199999999839,
    "throughput" : 1.1310132202878638,
    "receivedKBytesPerSec" : 90.89756240470167,
    "sentKBytesPerSec" : 0.9167392312880146
  },
  "launch-550" : {
    "transaction" : "launch-550",
    "sampleCount" : 135,
    "errorCount" : 0,
    "errorPct" : 0.0,
    "meanResTime" : 148.8444444444445,
    "medianResTime" : 126.0,
    "minResTime" : 116.0,
    "maxResTime" : 946.0,
    "pct1ResTime" : 143.0,
    "pct2ResTime" : 393.7999999999999,
    "pct3ResTime" : 841.9599999999961,
    "throughput" : 1.142818444243158,
    "receivedKBytesPerSec" : 9.381982237109431,
    "sentKBytesPerSec" : 0.6472995094346011
  },
  "login" : {
    "transaction" : "login",
    "sampleCount" : 271,
    "errorCount" : 0,
    "errorPct" : 0.0,
    "meanResTime" : 366.79704797047975,
    "medianResTime" : 304.0,
    "minResTime" : 168.0,
    "maxResTime" : 934.0,
    "pct1ResTime" : 544.0,
    "pct2ResTime" : 553.0,
    "pct3ResTime" : 917.0,
    "throughput" : 8.233221361725353E-4,
    "receivedKBytesPerSec" : 0.005607668597180361,
    "sentKBytesPerSec" : 0.0012176091324276714
  },
  "enterstore-573" : {
    "transaction" : "enterstore-573",
    "sampleCount" : 135,
    "errorCount" : 0,
    "errorPct" : 0.0,
    "meanResTime" : 199.53333333333325,
    "medianResTime" : 179.0,
    "minResTime" : 168.0,
    "maxResTime" : 952.0,
    "pct1ResTime" : 192.0,
    "pct2ResTime" : 280.3999999999964,
    "pct3ResTime" : 815.5599999999948,
    "throughput" : 1.1538658780491975,
    "receivedKBytesPerSec" : 5.531119188469034,
    "sentKBytesPerSec" : 0.645468766025915
  },
  "addcart" : {
    "transaction" : "addcart",
    "sampleCount" : 132,
    "errorCount" : 0,
    "errorPct" : 0.0,
    "meanResTime" : 181.56818181818184,
    "medianResTime" : 181.0,
    "minResTime" : 167.0,
    "maxResTime" : 231.0,
    "pct1ResTime" : 187.0,
    "pct2ResTime" : 189.0,
    "pct3ResTime" : 223.73999999999972,
    "throughput" : 1.1602049695446195,
    "receivedKBytesPerSec" : 5.176906537579215,
    "sentKBytesPerSec" : 0.7487497033566839
  },
  "product-584" : {
    "transaction" : "product-584",
    "sampleCount" : 133,
    "errorCount" : 0,
    "errorPct" : 0.0,
    "meanResTime" : 181.14285714285705,
    "medianResTime" : 181.0,
    "minResTime" : 168.0,
    "maxResTime" : 217.0,
    "pct1ResTime" : 186.0,
    "pct2ResTime" : 189.0,
    "pct3ResTime" : 213.25999999999996,
    "throughput" : 1.1513556563592922,
    "receivedKBytesPerSec" : 4.360783219424149,
    "sentKBytesPerSec" : 0.7409772374606115
  },
  "enterstore" : {
    "transaction" : "enterstore",
    "sampleCount" : 136,
    "errorCount" : 0,
    "errorPct" : 0.0,
    "meanResTime" : 202.89705882352948,
    "medianResTime" : 179.0,
    "minResTime" : 168.0,
    "maxResTime" : 952.0,
    "pct1ResTime" : 192.89999999999998,
    "pct2ResTime" : 534.6,
    "pct3ResTime" : 842.8499999999987,
    "throughput" : 4.1317992809217045E-4,
    "receivedKBytesPerSec" : 0.0019821148779283755,
    "sentKBytesPerSec" : 2.3097773840929212E-4
  },
  "login-575" : {
    "transaction" : "login-575",
    "sampleCount" : 135,
    "errorCount" : 0,
    "errorPct" : 0.0,
    "meanResTime" : 181.16296296296292,
    "medianResTime" : 180.0,
    "minResTime" : 168.0,
    "maxResTime" : 304.0,
    "pct1ResTime" : 187.0,
    "pct2ResTime" : 189.2,
    "pct3ResTime" : 274.4799999999989,
    "throughput" : 1.1616700512855815,
    "receivedKBytesPerSec" : 4.533933336811173,
    "sentKBytesPerSec" : 0.7396571029669914
  },
  "returntohome" : {
    "transaction" : "returntohome",
    "sampleCount" : 132,
    "errorCount" : 0,
    "errorPct" : 0.0,
    "meanResTime" : 180.93939393939394,
    "medianResTime" : 180.0,
    "minResTime" : 166.0,
    "maxResTime" : 350.0,
    "pct1ResTime" : 184.7,
    "pct2ResTime" : 187.7,
    "pct3ResTime" : 306.1099999999983,
    "throughput" : 1.1602253649875627,
    "receivedKBytesPerSec" : 5.548331805227167,
    "sentKBytesPerSec" : 0.7013471688743177
  },
  "inf-588" : {
    "transaction" : "inf-588",
    "sampleCount" : 132,
    "errorCount" : 0,
    "errorPct" : 0.0,
    "meanResTime" : 181.31818181818184,
    "medianResTime" : 181.0,
    "minResTime" : 169.0,
    "maxResTime" : 194.0,
    "pct1ResTime" : 188.0,
    "pct2ResTime" : 192.0,
    "pct3ResTime" : 194.0,
    "throughput" : 1.1603987552086081,
    "receivedKBytesPerSec" : 5.004219631837122,
    "sentKBytesPerSec" : 1.385081788332718
  },
  "inf" : {
    "transaction" : "inf",
    "sampleCount" : 132,
    "errorCount" : 0,
    "errorPct" : 0.0,
    "meanResTime" : 181.31818181818184,
    "medianResTime" : 181.0,
    "minResTime" : 169.0,
    "maxResTime" : 194.0,
    "pct1ResTime" : 188.0,
    "pct2ResTime" : 192.0,
    "pct3ResTime" : 194.0,
    "throughput" : 1.1603987552086081,
    "receivedKBytesPerSec" : 5.004219631837122,
    "sentKBytesPerSec" : 1.385081788332718
  },
  "product" : {
    "transaction" : "product",
    "sampleCount" : 133,
    "errorCount" : 0,
    "errorPct" : 0.0,
    "meanResTime" : 181.14285714285705,
    "medianResTime" : 181.0,
    "minResTime" : 168.0,
    "maxResTime" : 217.0,
    "pct1ResTime" : 186.0,
    "pct2ResTime" : 189.0,
    "pct3ResTime" : 213.25999999999996,
    "throughput" : 1.1513456893790524,
    "receivedKBytesPerSec" : 4.360745469281578,
    "sentKBytesPerSec" : 0.7409708230173914
  },