{
  "BeanShell Sampler" : {
    "transaction" : "BeanShell Sampler",
    "sampleCount" : 130,
    "errorCount" : 0,
    "errorPct" : 0.0,
    "meanResTime" : 3.4538461538461545,
    "medianResTime" : 3.0,
    "minResTime" : 1.0,
    "maxResTime" : 36.0,
    "pct1ResTime" : 5.0,
    "pct2ResTime" : 6.449999999999989,
    "pct3ResTime" : 31.96999999999997,
    "throughput" : 1.1527377521613833,
    "receivedKBytesPerSec" : 0.0,
    "sentKBytesPerSec" : 0.0
  },
  "login-578" : {
    "transaction" : "login-578",
    "sampleCount" : 131,
    "errorCount" : 0,
    "errorPct" : 0.0,
    "meanResTime" : 198.27480916030535,
    "medianResTime" : 180.0,
    "minResTime" : 172.0,
    "maxResTime" : 573.0,
    "pct1ResTime" : 191.8,
    "pct2ResTime" : 335.9999999999971,
    "pct3ResTime" : 572.04,
    "throughput" : 1.1459763981349453,
    "receivedKBytesPerSec" : 5.480318771159011,
    "sentKBytesPerSec" : 0.7296646597499846
  },
  "login-577" : {
    "transaction" : "login-577",
    "sampleCount" : 131,
    "errorCount" : 0,
    "errorPct" : 0.0,
    "meanResTime" : 362.40458015267177,
    "medianResTime" : 361.0,
    "minResTime" : 343.0,
    "maxResTime" : 396.0,
    "pct1ResTime" : 377.0,
    "pct2ResTime" : 384.79999999999995,
    "pct3ResTime" : 395.68,
    "throughput" : 1.1441547665836935,
    "receivedKBytesPerSec" : 5.714931260644569,
    "sentKBytesPerSec" : 1.939699877723918
  },
  "addcart-585" : {
    "transaction" : "addcart-585",
    "sampleCount" : 131,
    "errorCount" : 0,
    "errorPct" : 0.0,
    "meanResTime" : 183.6412213740458,
    "medianResTime" : 183.0,
    "minResTime" : 173.0,
    "maxResTime" : 200.0,
    "pct1ResTime" : 193.0,
    "pct2ResTime" : 194.79999999999998,
    "pct3ResTime" : 199.68,
    "throughput" : 1.1461869597172156,
    "receivedKBytesPerSec" : 5.110804110852028,
    "sentKBytesPerSec" : 0.7398982704388759
  },
  "select" : {
    "transaction" : "select",
    "sampleCount" : 131,
    "errorCount" : 0,
    "errorPct" : 0.0,
    "meanResTime" : 182.12213740458023,
    "medianResTime" : 181.0,
    "minResTime" : 170.0,
    "maxResTime" : 222.0,
    "pct1ResTime" : 190.8,
    "pct2ResTime" : 194.39999999999998,
    "pct3ResTime" : 215.92000000000013,
    "throughput" : 1.1460064736243547,
    "receivedKBytesPerSec" : 4.152573388701776,
    "sentKBytesPerSec" : 0.7017563943443268
  },
  "launch-553" : {
    "transaction" : "launch-553",
    "sampleCount" : 133,
    "errorCount" : 0,
    "errorPct" : 0.0,
    "meanResTime" : 58.172932330827045,
    "medianResTime" : 36.0,
    "minResTime" : 30.0,
    "maxResTime" : 1405.0,
    "pct1ResTime" : 57.60000000000001,
    "pct2ResTime" : 148.29999999999995,
    "pct3ResTime" : 1067.3799999999965,
    "throughput" : 1.1120122404956398,
    "receivedKBytesPerSec" : 103.65180142847588,
    "sentKBytesPerSec" : 0.9013380464954893
  },
  "launch-550" : {
    "transaction" : "launch-550",
    "sampleCount" : 133,
    "errorCount" : 0,
    "errorPct" : 0.0,
    "meanResTime" : 156.5338345864661,
    "medianResTime" : 129.0,
    "minResTime" : 116.0,
    "maxResTime" : 957.0,
    "pct1ResTime" : 158.20000000000002,
    "pct2ResTime" : 381.1999999999998,
    "pct3ResTime" : 901.2399999999994,
    "throughput" : 1.124108320091957,
    "receivedKBytesPerSec" : 8.823497561614658,
    "sentKBytesPerSec" : 0.6367019781770851
  },
  "login" : {
    "transaction" : "login",
    "sampleCount" : 264,
    "errorCount" : 0,
    "errorPct" : 0.0,
    "meanResTime" : 369.5719696969697,
    "medianResTime" : 205.0,
    "minResTime" : 170.0,
    "maxResTime" : 953.0,
    "pct1ResTime" : 558.0,
    "pct2ResTime" : 567.0,
    "pct3ResTime" : 933.0500000000001,
    "throughput" : 2.2784547933855763,
    "receivedKBytesPerSec" : 15.533966655482963,
    "sentKBytesPerSec" : 3.3674499214623537
  },
  "enterstore-573" : {
    "transaction" : "enterstore-573",
    "sampleCount" : 133,
    "errorCount" : 0,
    "errorPct" : 0.0,
    "meanResTime" : 203.2255639097744,
    "medianResTime" : 180.0,
    "minResTime" : 171.0,
    "maxResTime" : 983.0,
    "pct1ResTime" : 197.60000000000002,
    "pct2ResTime" : 378.7999999999993,
    "pct3ResTime" : 845.9799999999987,
    "throughput" : 1.1398892678996897,
    "receivedKBytesPerSec" : 5.464315720937109,
    "sentKBytesPerSec" : 0.6376305810649823
  },
  "addcart" : {
    "transaction" : "addcart",
    "sampleCount" : 131,
    "errorCount" : 0,
    "errorPct" : 0.0,
    "meanResTime" : 183.6412213740458,
    "medianResTime" : 183.0,
    "minResTime" : 173.0,
    "maxResTime" : 200.0,
    "pct1ResTime" : 193.0,
    "pct2ResTime" : 194.79999999999998,
    "pct3ResTime" : 199.68,
    "throughput" : 1.146196988389287,
    "receivedKBytesPerSec" : 5.110848828319815,
    "sentKBytesPerSec" : 0.7399047442493285
  },
  "product-584" : {
    "transaction" : "product-584",
    "sampleCount" : 131,
    "errorCount" : 0,
    "errorPct" : 0.0,
    "meanResTime" : 181.5190839694657,
    "medianResTime" : 181.0,
    "minResTime" : 171.0,
    "maxResTime" : 216.0,
    "pct1ResTime" : 190.0,
    "pct2ResTime" : 192.39999999999998,
    "pct3ResTime" : 212.48000000000008,
    "throughput" : 1.1461267913699278,
    "receivedKBytesPerSec" : 4.370949800630807,
    "sentKBytesPerSec" : 0.7379284851878423
  },
  "enterstore" : {
    "transaction" : "enterstore",
    "sampleCount" : 133,
    "errorCount" : 0,
    "errorPct" : 0.0,
    "meanResTime" : 203.2255639097744,
    "medianResTime" : 180.0,
    "minResTime" : 171.0,
    "maxResTime" : 983.0,
    "pct1ResTime" : 197.60000000000002,
    "pct2ResTime" : 378.7999999999993,
    "pct3ResTime" : 845.9799999999987,
    "throughput" : 1.1398892678996897,
    "receivedKBytesPerSec" : 5.464315720937109,
    "sentKBytesPerSec" : 0.6376305810649823
  },
  "login-575" : {
    "transaction" : "login-575",
    "sampleCount" : 133,
    "errorCount" : 0,
    "errorPct" : 0.0,
    "meanResTime" : 181.33834586466176,
    "medianResTime" : 181.0,
    "minResTime" : 170.0,
    "maxResTime" : 208.0,
    "pct1ResTime" : 188.60000000000002,
    "pct2ResTime" : 192.0,
    "pct3ResTime" : 205.95999999999998,
    "throughput" : 1.1478678139591083,
    "receivedKBytesPerSec" : 4.480023769170687,
    "sentKBytesPerSec" : 0.7308689596692759
  },
  "returntohome" : {
    "transaction" : "returntohome",
    "sampleCount" : 130,
    "errorCount" : 0,
    "errorPct" : 0.0,
    "meanResTime" : 183.16153846153856,
    "medianResTime" : 181.0,
    "minResTime" : 171.0,
    "maxResTime" : 315.0,
    "pct1ResTime" : 191.0,
    "pct2ResTime" : 195.45,
    "pct3ResTime" : 293.60999999999984,
    "throughput" : 1.1495472552348613,
    "receivedKBytesPerSec" : 5.497265887516801,
    "sentKBytesPerSec" : 0.6948923349515422
  },
  "inf-588" : {
    "transaction" : "inf-588",
    "sampleCount" : 131,
    "errorCount" : 0,
    "errorPct" : 0.0,
    "meanResTime" : 183.89312977099235,
    "medianResTime" : 181.0,
    "minResTime" : 174.0,
    "maxResTime" : 316.0,
    "pct1ResTime" : 190.0,
    "pct2ResTime" : 196.2,
    "pct3ResTime" : 281.44000000000074,
    "throughput" : 1.1476831693577356,
    "receivedKBytesPerSec" : 4.949383667855234,
    "sentKBytesPerSec" : 1.3716774818648538
  },
  "inf" : {
    "transaction" : "inf",
    "sampleCount" : 131,
    "errorCount" : 0,
    "errorPct" : 0.0,
    "meanResTime" : 183.89312977099235,
    "medianResTime" : 181.0,
    "minResTime" : 174.0,
    "maxResTime" : 316.0,
    "pct1ResTime" : 190.0,
    "pct2ResTime" : 196.2,
    "pct3ResTime" : 281.44000000000074,
    "throughput" : 1.147673114662181,
    "receivedKBytesPerSec" : 4.949340306980655,
    "sentKBytesPerSec" : 1.3716654647857092
  },
  "product" : {
    "transaction" : "product",
    "sampleCount" : 131,
    "errorCount" : 0,
    "errorPct" : 0.0,
    "meanResTime" : 181.5190839694657,
    "medianResTime" : 181.0,
    "minResTime" : 171.0,
    "maxResTime" : 216.0,
    "pct1ResTime" : 190.0,
    "pct2ResTime" : 192.39999999999998,
    "pct3ResTime" : 212.48000000000008,